name,ticker,ticker_ex,sector,industry,cik_id,exchange_id,currency,instrument
3M Company,MMM,MMM US,Industrials,Industrial Conglomerates,66740,US,USD,Stock
Abbott Laboratories,ABT,ABT US,Health Care,Health Care Equipment,1800,US,USD,Stock
AbbVie Inc.,ABBV,ABBV US,Health Care,Pharmaceuticals,1551152,US,USD,Stock
ABIOMED Inc,ABMD,ABMD US,Health Care,Health Care Equipment,815094,US,USD,Stock
Accenture plc,ACN,ACN US,Information Technology,IT Consulting & Other Services,1467373,US,USD,Stock
Activision Blizzard,ATVI,ATVI US,Communication Services,Interactive Home Entertainment,718877,US,USD,Stock
Adobe Systems Inc,ADBE,ADBE US,Information Technology,Application Software,796343,US,USD,Stock
Advanced Micro Devices Inc,AMD,AMD US,Information Technology,Semiconductors,2488,US,USD,Stock
Advance Auto Parts,AAP,AAP US,Consumer Discretionary,Automotive Retail,1158449,US,USD,Stock
AES Corp,AES,AES US,Utilities,Independent Power Producers & Energy Traders,874761,US,USD,Stock
Affiliated Managers Group Inc,AMG,AMG US,Financials,Asset Management & Custody Banks,1004434,US,USD,Stock
AFLAC Inc,AFL,AFL US,Financials,Life & Health Insurance,4977,US,USD,Stock
Agilent Technologies Inc,A,A US,Health Care,Health Care Equipment,1090872,US,USD,Stock
Air Products & Chemicals Inc,APD,APD US,Materials,Industrial Gases,2969,US,USD,Stock
Akamai Technologies Inc,AKAM,AKAM US,Information Technology,Internet Services & Infrastructure,1086222,US,USD,Stock
Alaska Air Group Inc,ALK,ALK US,Industrials,Airlines,766421,US,USD,Stock
Albemarle Corp,ALB,ALB US,Materials,Specialty Chemicals,915913,US,USD,Stock
Alexandria Real Estate Equities Inc,ARE,ARE US,Real Estate,Office REITs,1035443,US,USD,Stock
Alexion Pharmaceuticals,ALXN,ALXN US,Health Care,Biotechnology,899866,US,USD,Stock
Align Technology,ALGN,ALGN US,Health Care,Health Care Supplies,1097149,US,USD,Stock
Allegion,ALLE,ALLE US,Industrials,Building Products,1579241,US,USD,Stock
"Allergan, Plc",AGN,AGN US,Health Care,Pharmaceuticals,1578845,US,USD,Stock
Alliance Data Systems,ADS,ADS US,Information Technology,Data Processing & Outsourced Services,1101215,US,USD,Stock
Alliant Energy Corp,LNT,LNT US,Utilities,Electric Utilities,352541,US,USD,Stock
Allstate Corp,ALL,ALL US,Financials,Property & Casualty Insurance,899051,US,USD,Stock
Alphabet Inc Class A,GOOGL,GOOGL US,Communication Services,Interactive Media & Services,1652044,US,USD,Stock
Alphabet Inc Class C,GOOG,GOOG US,Communication Services,Interactive Media & Services,1652044,US,USD,Stock
Altria Group Inc,MO,MO US,Consumer Staples,Tobacco,764180,US,USD,Stock
Amazon.com Inc.,AMZN,AMZN US,Consumer Discretionary,Internet & Direct Marketing Retail,1018724,US,USD,Stock
Ameren Corp,AEE,AEE US,Utilities,Multi-Utilities,1002910,US,USD,Stock
American Airlines Group,AAL,AAL US,Industrials,Airlines,6201,US,USD,Stock
American Electric Power,AEP,AEP US,Utilities,Electric Utilities,4904,US,USD,Stock
American Express Co,AXP,AXP US,Financials,Consumer Finance,4962,US,USD,Stock
American International Group,AIG,AIG US,Financials,Property & Casualty Insurance,5272,US,USD,Stock
American Tower Corp.,AMT,AMT US,Real Estate,Specialized REITs,1053507,US,USD,Stock
American Water Works Company Inc,AWK,AWK US,Utilities,Water Utilities,1410636,US,USD,Stock
Ameriprise Financial,AMP,AMP US,Financials,Asset Management & Custody Banks,820027,US,USD,Stock
AmerisourceBergen Corp,ABC,ABC US,Health Care,Health Care Distributors,1140859,US,USD,Stock
AMETEK Inc.,AME,AME US,Industrials,Electrical Components & Equipment,1037868,US,USD,Stock
Amgen Inc.,AMGN,AMGN US,Health Care,Biotechnology,318154,US,USD,Stock
Amphenol Corp,APH,APH US,Information Technology,Electronic Components,820313,US,USD,Stock
Anadarko Petroleum Corp,APC,APC US,Energy,Oil & Gas Exploration & Production,773910,US,USD,Stock
"Analog Devices, Inc.",ADI,ADI US,Information Technology,Semiconductors,6281,US,USD,Stock
ANSYS,ANSS,ANSS US,Information Technology,Application Software,1013462,US,USD,Stock
Anthem Inc.,ANTM,ANTM US,Health Care,Managed Health Care,1156039,US,USD,Stock
Aon plc,AON,AON US,Financials,Insurance Brokers,315293,US,USD,Stock
A.O. Smith Corp,AOS,AOS US,Industrials,Building Products,91142,US,USD,Stock
Apache Corporation,APA,APA US,Energy,Oil & Gas Exploration & Production,6769,US,USD,Stock
Apartment Investment & Management (Aimco),AIV,AIV US,Real Estate,Residential REITs,922864,US,USD,Stock
Apple Inc.,AAPL,AAPL US,Information Technology,"Technology Hardware, Storage & Peripherals",320193,US,USD,Stock
Applied Materials Inc.,AMAT,AMAT US,Information Technology,Semiconductor Equipment,6951,US,USD,Stock
Aptiv Plc,APTV,APTV US,Consumer Discretionary,Auto Parts & Equipment,1521332,US,USD,Stock
Archer-Daniels-Midland Co,ADM,ADM US,Consumer Staples,Agricultural Products,7084,US,USD,Stock
Arconic Inc.,ARNC,ARNC US,Industrials,Aerospace & Defense,4281,US,USD,Stock
Arista Networks,ANET,ANET US,Information Technology,Communications Equipment,1596532,US,USD,Stock
Arthur J. Gallagher & Co.,AJG,AJG US,Financials,Insurance Brokers,354190,US,USD,Stock
Assurant Inc.,AIZ,AIZ US,Financials,Multi-line Insurance,1267238,US,USD,Stock
AT&T Inc.,T,T US,Communication Services,Integrated Telecommunication Services,732717,US,USD,Stock
Autodesk Inc.,ADSK,ADSK US,Information Technology,Application Software,769397,US,USD,Stock
Automatic Data Processing,ADP,ADP US,Information Technology,Internet Software & Services,8670,US,USD,Stock
AutoZone Inc,AZO,AZO US,Consumer Discretionary,Specialty Stores,866787,US,USD,Stock
"AvalonBay Communities, Inc.",AVB,AVB US,Real Estate,Residential REITs,915912,US,USD,Stock
Avery Dennison Corp,AVY,AVY US,Materials,Paper Packaging,8818,US,USD,Stock
"Baker Hughes, a GE Company",BHGE,BHGE US,Energy,Oil & Gas Equipment & Services,1701605,US,USD,Stock
Ball Corp,BLL,BLL US,Materials,Metal & Glass Containers,9389,US,USD,Stock
Bank of America Corp,BAC,BAC US,Financials,Diversified Banks,70858,US,USD,Stock
The Bank of New York Mellon Corp.,BK,BK US,Financials,Asset Management & Custody Banks,1390777,US,USD,Stock
Baxter International Inc.,BAX,BAX US,Health Care,Health Care Equipment,10456,US,USD,Stock
BB&T Corporation,BBT,BBT US,Financials,Regional Banks,92230,US,USD,Stock
Becton Dickinson,BDX,BDX US,Health Care,Health Care Equipment,10795,US,USD,Stock
Berkshire Hathaway,BRK-B,BRK-B US,Financials,Multi-Sector Holdings,1067983,US,USD,Stock
Best Buy Co. Inc.,BBY,BBY US,Consumer Discretionary,Computer & Electronics Retail,764478,US,USD,Stock
Biogen Inc.,BIIB,BIIB US,Health Care,Biotechnology,875045,US,USD,Stock
BlackRock,BLK,BLK US,Financials,Asset Management & Custody Banks,1364742,US,USD,Stock
Block H&R,HRB,HRB US,Consumer Discretionary,Specialized Consumer Services,12659,US,USD,Stock
Boeing Company,BA,BA US,Industrials,Aerospace & Defense,12927,US,USD,Stock
Booking Holdings Inc,BKNG,BKNG US,Consumer Discretionary,Internet & Direct Marketing Retail,1075531,US,USD,Stock
BorgWarner,BWA,BWA US,Consumer Discretionary,Auto Parts & Equipment,908255,US,USD,Stock
Boston Properties,BXP,BXP US,Real Estate,Office REITs,1037540,US,USD,Stock
Boston Scientific,BSX,BSX US,Health Care,Health Care Equipment,885725,US,USD,Stock
Brighthouse Financial Inc,BHF,BHF US,Financials,Life & Health Insurance,1685040,US,USD,Stock
Bristol-Myers Squibb,BMY,BMY US,Health Care,Health Care Distributors,14272,US,USD,Stock
Broadcom,AVGO,AVGO US,Information Technology,Semiconductors,1441634,US,USD,Stock
Broadridge Financial Solutions,BR,BR US,Information Technology,Data Processing & Outsourced Services,1383312,US,USD,Stock
Brown-Forman Corp.,BF-B,BF-B US,Consumer Staples,Distillers & Vintners,14693,US,USD,Stock
C. H. Robinson Worldwide,CHRW,CHRW US,Industrials,Air Freight & Logistics,1043277,US,USD,Stock
Cabot Oil & Gas,COG,COG US,Energy,Oil & Gas Exploration & Production,858470,US,USD,Stock
Cadence Design Systems,CDNS,CDNS US,Information Technology,Application Software,813672,US,USD,Stock
Campbell Soup,CPB,CPB US,Consumer Staples,Packaged Foods & Meats,16732,US,USD,Stock
Capital One Financial,COF,COF US,Financials,Consumer Finance,927628,US,USD,Stock
Capri Holdings,CPRI,CPRI US,Consumer Discretionary,"Apparel, Accessories & Luxury Goods",1530721,US,USD,Stock
Cardinal Health Inc.,CAH,CAH US,Health Care,Health Care Distributors,721371,US,USD,Stock
Carmax Inc,KMX,KMX US,Consumer Discretionary,Specialty Stores,1170010,US,USD,Stock
Carnival Corp.,CCL,CCL US,Consumer Discretionary,"Hotels, Resorts & Cruise Lines",815097,US,USD,Stock
Caterpillar Inc.,CAT,CAT US,Industrials,Construction Machinery & Heavy Trucks,18230,US,USD,Stock
Cboe Global Markets,CBOE,CBOE US,Financials,Financial Exchanges & Data,1374310,US,USD,Stock
CBRE Group,CBRE,CBRE US,Real Estate,Real Estate Services,1138118,US,USD,Stock
CBS Corp.,CBS,CBS US,Communication Services,Broadcasting,813828,US,USD,Stock
Celanese Corp.,CE,CE US,Materials,Specialty Chemicals,1306830,US,USD,Stock
Celgene Corp.,CELG,CELG US,Health Care,Biotechnology,816284,US,USD,Stock
Centene Corporation,CNC,CNC US,Health Care,Managed Health Care,1071739,US,USD,Stock
CenterPoint Energy,CNP,CNP US,Utilities,Multi-Utilities,1130310,US,USD,Stock
CenturyLink Inc,CTL,CTL US,Communication Services,Integrated Telecommunication Services,18926,US,USD,Stock
Cerner,CERN,CERN US,Health Care,Health Care Technology,804753,US,USD,Stock
CF Industries Holdings Inc,CF,CF US,Materials,Fertilizers & Agricultural Chemicals,1324404,US,USD,Stock
Charles Schwab Corporation,SCHW,SCHW US,Financials,Investment Banking & Brokerage,316709,US,USD,Stock
Charter Communications,CHTR,CHTR US,Communication Services,Cable & Satellite,1091667,US,USD,Stock
Chevron Corp.,CVX,CVX US,Energy,Integrated Oil & Gas,93410,US,USD,Stock
Chipotle Mexican Grill,CMG,CMG US,Consumer Discretionary,Restaurants,1058090,US,USD,Stock
Chubb Limited,CB,CB US,Financials,Property & Casualty Insurance,896159,US,USD,Stock
Church & Dwight,CHD,CHD US,Consumer Staples,Household Products,313927,US,USD,Stock
CIGNA Corp.,CI,CI US,Health Care,Managed Health Care,701221,US,USD,Stock
Cimarex Energy,XEC,XEC US,Energy,Oil & Gas Exploration & Production,1168054,US,USD,Stock
Cincinnati Financial,CINF,CINF US,Financials,Property & Casualty Insurance,20286,US,USD,Stock
Cintas Corporation,CTAS,CTAS US,Industrials,Diversified Support Services,723254,US,USD,Stock
Cisco Systems,CSCO,CSCO US,Information Technology,Communications Equipment,858877,US,USD,Stock
Citigroup Inc.,C,C US,Financials,Diversified Banks,831001,US,USD,Stock
Citizens Financial Group,CFG,CFG US,Financials,Regional Banks,759944,US,USD,Stock
Citrix Systems,CTXS,CTXS US,Information Technology,Internet Software & Services,877890,US,USD,Stock
The Clorox Company,CLX,CLX US,Consumer Staples,Household Products,21076,US,USD,Stock
CME Group Inc.,CME,CME US,Financials,Financial Exchanges & Data,1156375,US,USD,Stock
CMS Energy,CMS,CMS US,Utilities,Multi-Utilities,811156,US,USD,Stock
Coca-Cola Company (The),KO,KO US,Consumer Staples,Soft Drinks,21344,US,USD,Stock
Cognizant Technology Solutions,CTSH,CTSH US,Information Technology,IT Consulting & Other Services,1058290,US,USD,Stock
Colgate-Palmolive,CL,CL US,Consumer Staples,Household Products,21665,US,USD,Stock
Comcast Corp.,CMCSA,CMCSA US,Communication Services,Cable & Satellite,1166691,US,USD,Stock
Comerica Inc.,CMA,CMA US,Financials,Diversified Banks,28412,US,USD,Stock
Conagra Brands,CAG,CAG US,Consumer Staples,Packaged Foods & Meats,23217,US,USD,Stock
Concho Resources,CXO,CXO US,Energy,Oil & Gas Exploration & Production,1358071,US,USD,Stock
ConocoPhillips,COP,COP US,Energy,Oil & Gas Exploration & Production,1163165,US,USD,Stock
Consolidated Edison,ED,ED US,Utilities,Electric Utilities,1047862,US,USD,Stock
Constellation Brands,STZ,STZ US,Consumer Staples,Distillers & Vintners,16918,US,USD,Stock
The Cooper Companies,COO,COO US,Health Care,Health Care Supplies,711404,US,USD,Stock
Copart Inc,CPRT,CPRT US,Industrials,Diversified Support Services,900075,US,USD,Stock
Corning Inc.,GLW,GLW US,Information Technology,Electronic Components,24741,US,USD,Stock
Costco Wholesale Corp.,COST,COST US,Consumer Staples,Hypermarkets & Super Centers,909832,US,USD,Stock
"Coty, Inc",COTY,COTY US,Consumer Staples,Personal Products,1024305,US,USD,Stock
Crown Castle International Corp.,CCI,CCI US,Real Estate,Specialized REITs,1051470,US,USD,Stock
CSX Corp.,CSX,CSX US,Industrials,Railroads,277948,US,USD,Stock
Cummins Inc.,CMI,CMI US,Industrials,Industrial Machinery,26172,US,USD,Stock
CVS Health,CVS,CVS US,Health Care,Health Care Services,64803,US,USD,Stock
D. R. Horton,DHI,DHI US,Consumer Discretionary,Homebuilding,882184,US,USD,Stock
Danaher Corp.,DHR,DHR US,Health Care,Health Care Equipment,313616,US,USD,Stock
Darden Restaurants,DRI,DRI US,Consumer Discretionary,Restaurants,940944,US,USD,Stock
DaVita Inc.,DVA,DVA US,Health Care,Health Care Facilities,927066,US,USD,Stock
Deere & Co.,DE,DE US,Industrials,Agricultural & Farm Machinery,315189,US,USD,Stock
Delta Air Lines Inc.,DAL,DAL US,Industrials,Airlines,27904,US,USD,Stock
Dentsply Sirona,XRAY,XRAY US,Health Care,Health Care Supplies,818479,US,USD,Stock
Devon Energy Corp.,DVN,DVN US,Energy,Oil & Gas Exploration & Production,1090012,US,USD,Stock
Diamondback Energy Inc,FANG,FANG US,Energy,Oil & Gas Exploration & Production,1539838,US,USD,Stock
Digital Realty Trust Inc,DLR,DLR US,Real Estate,Specialized REITs,1297996,US,USD,Stock
Discover Financial Services,DFS,DFS US,Financials,Consumer Finance,1393612,US,USD,Stock
Discovery Inc. Class A,DISCA,DISCA US,Communication Services,Broadcasting,1437107,US,USD,Stock
Discovery Inc. Class C,DISCK,DISCK US,Communication Services,Broadcasting,1437107,US,USD,Stock
Dish Network,DISH,DISH US,Communication Services,Cable & Satellite,1001082,US,USD,Stock
Dollar General,DG,DG US,Consumer Discretionary,General Merchandise Stores,29534,US,USD,Stock
Dollar Tree,DLTR,DLTR US,Consumer Discretionary,General Merchandise Stores,935703,US,USD,Stock
Dominion Energy,D,D US,Utilities,Electric Utilities,715957,US,USD,Stock
Dover Corp.,DOV,DOV US,Industrials,Industrial Machinery,29905,US,USD,Stock
DowDuPont,DWDP,DWDP US,Materials,Diversified Chemicals,1666700,US,USD,Stock
DTE Energy Co.,DTE,DTE US,Utilities,Multi-Utilities,936340,US,USD,Stock
Duke Realty Corp,DRE,DRE US,Real Estate,Industrial REITs,783280,US,USD,Stock
Duke Energy,DUK,DUK US,Utilities,Electric Utilities,1326160,US,USD,Stock
DXC Technology,DXC,DXC US,Information Technology,IT Consulting & Other Services,1688568,US,USD,Stock
E*Trade,ETFC,ETFC US,Financials,Investment Banking & Brokerage,1015780,US,USD,Stock
Eastman Chemical,EMN,EMN US,Materials,Diversified Chemicals,915389,US,USD,Stock
Eaton Corporation,ETN,ETN US,Industrials,Electrical Components & Equipment,1551182,US,USD,Stock
eBay Inc.,EBAY,EBAY US,Consumer Discretionary,Internet & Direct Marketing Retail,1065088,US,USD,Stock
Ecolab Inc.,ECL,ECL US,Materials,Specialty Chemicals,31462,US,USD,Stock
Edison Int'l,EIX,EIX US,Utilities,Electric Utilities,827052,US,USD,Stock
Edwards Lifesciences,EW,EW US,Health Care,Health Care Equipment,1099800,US,USD,Stock
Electronic Arts,EA,EA US,Communication Services,Interactive Home Entertainment,712515,US,USD,Stock
Emerson Electric Company,EMR,EMR US,Industrials,Electrical Components & Equipment,32604,US,USD,Stock
Entergy Corp.,ETR,ETR US,Utilities,Electric Utilities,65984,US,USD,Stock
EOG Resources,EOG,EOG US,Energy,Oil & Gas Exploration & Production,821189,US,USD,Stock
Equifax Inc.,EFX,EFX US,Industrials,Research & Consulting Services,33185,US,USD,Stock
Equinix,EQIX,EQIX US,Real Estate,Specialized REITs,1101239,US,USD,Stock
Equity Residential,EQR,EQR US,Real Estate,Residential REITs,906107,US,USD,Stock
"Essex Property Trust, Inc.",ESS,ESS US,Real Estate,Residential REITs,920522,US,USD,Stock
Estee Lauder Cos.,EL,EL US,Consumer Staples,Personal Products,1001250,US,USD,Stock
Evergy,EVRG,EVRG US,Utilities,Electric Utilities,1711269,US,USD,Stock
Eversource Energy,ES,ES US,Utilities,Multi-Utilities,72741,US,USD,Stock
Everest Re Group Ltd.,RE,RE US,Financials,Reinsurance,1095073,US,USD,Stock
Exelon Corp.,EXC,EXC US,Utilities,Multi-Utilities,1109357,US,USD,Stock
Expedia Group,EXPE,EXPE US,Consumer Discretionary,Internet & Direct Marketing Retail,1324424,US,USD,Stock
Expeditors,EXPD,EXPD US,Industrials,Air Freight & Logistics,746515,US,USD,Stock
Extra Space Storage,EXR,EXR US,Real Estate,Specialized REITs,1289490,US,USD,Stock
Exxon Mobil Corp.,XOM,XOM US,Energy,Integrated Oil & Gas,34088,US,USD,Stock
F5 Networks,FFIV,FFIV US,Information Technology,Communications Equipment,1048695,US,USD,Stock
"Facebook, Inc.",FB,FB US,Communication Services,Interactive Media & Services,1326801,US,USD,Stock
Fastenal Co,FAST,FAST US,Industrials,Building Products,815556,US,USD,Stock
Federal Realty Investment Trust,FRT,FRT US,Real Estate,Retail REITs,34903,US,USD,Stock
FedEx Corporation,FDX,FDX US,Industrials,Air Freight & Logistics,1048911,US,USD,Stock
Fidelity National Information Services,FIS,FIS US,Information Technology,Internet Software & Services,1136893,US,USD,Stock
Fifth Third Bancorp,FITB,FITB US,Financials,Regional Banks,35527,US,USD,Stock
FirstEnergy Corp,FE,FE US,Utilities,Electric Utilities,1031296,US,USD,Stock
First Republic Bank,FRC,FRC US,Financials,Regional Banks,1132979,US,USD,Stock
Fiserv Inc,FISV,FISV US,Information Technology,Internet Software & Services,798354,US,USD,Stock
FleetCor Technologies Inc,FLT,FLT US,Information Technology,Data Processing & Outsources Services,1175454,US,USD,Stock
FLIR Systems,FLIR,FLIR US,Information Technology,Electronic Equipment & Instruments,354908,US,USD,Stock
Flowserve Corporation,FLS,FLS US,Industrials,Industrial Machinery,30625,US,USD,Stock
Fluor Corp.,FLR,FLR US,Industrials,Construction & Engineering,1124198,US,USD,Stock
FMC Corporation,FMC,FMC US,Materials,Fertilizers & Agricultural Chemicals,37785,US,USD,Stock
Foot Locker Inc,FL,FL US,Consumer Discretionary,Apparel Retail,850209,US,USD,Stock
Ford Motor,F,F US,Consumer Discretionary,Automobile Manufacturers,37996,US,USD,Stock
Fortinet,FTNT,FTNT US,Information Technology,Systems Software,1262039,US,USD,Stock
Fortive Corp,FTV,FTV US,Industrials,Industrial Machinery,1659166,US,USD,Stock
Fortune Brands Home & Security,FBHS,FBHS US,Industrials,Building Products,1519751,US,USD,Stock
Franklin Resources,BEN,BEN US,Financials,Asset Management & Custody Banks,38777,US,USD,Stock
Freeport-McMoRan Inc.,FCX,FCX US,Materials,Copper,831259,US,USD,Stock
Gap Inc.,GPS,GPS US,Consumer Discretionary,Apparel Retail,39911,US,USD,Stock
Garmin Ltd.,GRMN,GRMN US,Consumer Discretionary,Consumer Electronics,1121788,US,USD,Stock
Gartner Inc,IT,IT US,Information Technology,IT Consulting & Other Services,749251,US,USD,Stock
General Dynamics,GD,GD US,Industrials,Aerospace & Defense,40533,US,USD,Stock
General Electric,GE,GE US,Industrials,Industrial Conglomerates,40545,US,USD,Stock
General Mills,GIS,GIS US,Consumer Staples,Packaged Foods & Meats,40704,US,USD,Stock
General Motors,GM,GM US,Consumer Discretionary,Automobile Manufacturers,1467858,US,USD,Stock
Genuine Parts,GPC,GPC US,Consumer Discretionary,Specialty Stores,40987,US,USD,Stock
Gilead Sciences,GILD,GILD US,Health Care,Biotechnology,882095,US,USD,Stock
Global Payments Inc.,GPN,GPN US,Information Technology,Data Processing & Outsourced Services,1123360,US,USD,Stock
Goldman Sachs Group,GS,GS US,Financials,Investment Banking & Brokerage,886982,US,USD,Stock
Goodyear Tire & Rubber,GT,GT US,Consumer Discretionary,Tires & Rubber,42582,US,USD,Stock
Grainger (W.W.) Inc.,GWW,GWW US,Industrials,Industrial Machinery,277135,US,USD,Stock
Halliburton Co.,HAL,HAL US,Energy,Oil & Gas Equipment & Services,45012,US,USD,Stock
Hanesbrands Inc,HBI,HBI US,Consumer Discretionary,"Apparel, Accessories & Luxury Goods",1359841,US,USD,Stock
Harley-Davidson,HOG,HOG US,Consumer Discretionary,Motorcycle Manufacturers,793952,US,USD,Stock
Harris Corporation,HRS,HRS US,Industrials,Aerospace & Defense,202058,US,USD,Stock
Hartford Financial Svc.Gp.,HIG,HIG US,Financials,Property & Casualty Insurance,874766,US,USD,Stock
Hasbro Inc.,HAS,HAS US,Consumer Discretionary,Leisure Products,46080,US,USD,Stock
HCA Holdings,HCA,HCA US,Health Care,Health Care Facilities,860730,US,USD,Stock
HCP Inc.,HCP,HCP US,Real Estate,Health Care REITs,765880,US,USD,Stock
Helmerich & Payne,HP,HP US,Energy,Oil & Gas Drilling,46765,US,USD,Stock
Henry Schein,HSIC,HSIC US,Health Care,Health Care Distributors,1000228,US,USD,Stock
The Hershey Company,HSY,HSY US,Consumer Staples,Packaged Foods & Meats,47111,US,USD,Stock
Hess Corporation,HES,HES US,Energy,Integrated Oil & Gas,4447,US,USD,Stock
Hewlett Packard Enterprise,HPE,HPE US,Information Technology,"Technology Hardware, Storage & Peripherals",1645590,US,USD,Stock
Hilton Worldwide Holdings Inc,HLT,HLT US,Consumer Discretionary,"Hotels, Resorts & Cruise Lines",1585689,US,USD,Stock
HollyFrontier Corp,HFC,HFC US,Energy,Oil & Gas Refining & Marketing,48039,US,USD,Stock
Hologic,HOLX,HOLX US,Health Care,Health Care Equipment,859737,US,USD,Stock
Home Depot,HD,HD US,Consumer Discretionary,Home Improvement Retail,354950,US,USD,Stock
Honeywell Int'l Inc.,HON,HON US,Industrials,Industrial Conglomerates,773840,US,USD,Stock
Hormel Foods Corp.,HRL,HRL US,Consumer Staples,Packaged Foods & Meats,48465,US,USD,Stock
Host Hotels & Resorts,HST,HST US,Real Estate,Hotel & Resort REITs,1070750,US,USD,Stock
HP Inc.,HPQ,HPQ US,Information Technology,"Technology Hardware, Storage & Peripherals",47217,US,USD,Stock
Humana Inc.,HUM,HUM US,Health Care,Managed Health Care,49071,US,USD,Stock
Huntington Bancshares,HBAN,HBAN US,Financials,Regional Banks,49196,US,USD,Stock
Huntington Ingalls Industries,HII,HII US,Industrials,Aerospace & Defense,1501585,US,USD,Stock
IDEXX Laboratories,IDXX,IDXX US,Health Care,Health Care Equipment,874716,US,USD,Stock
IHS Markit Ltd.,INFO,INFO US,Industrials,Research & Consulting Services,1598014,US,USD,Stock
Illinois Tool Works,ITW,ITW US,Industrials,Industrial Machinery,49826,US,USD,Stock
Illumina Inc,ILMN,ILMN US,Health Care,Life Sciences Tools & Services,1110803,US,USD,Stock
Ingersoll-Rand PLC,IR,IR US,Industrials,Industrial Machinery,1466258,US,USD,Stock
Intel Corp.,INTC,INTC US,Information Technology,Semiconductors,50863,US,USD,Stock
Intercontinental Exchange,ICE,ICE US,Financials,Financial Exchanges & Data,1571949,US,USD,Stock
International Business Machines,IBM,IBM US,Information Technology,IT Consulting & Other Services,51143,US,USD,Stock
Incyte,INCY,INCY US,Health Care,Biotechnology,879169,US,USD,Stock
International Paper,IP,IP US,Materials,Paper Packaging,51434,US,USD,Stock
Interpublic Group,IPG,IPG US,Communication Services,Advertising,51644,US,USD,Stock
Intl Flavors & Fragrances,IFF,IFF US,Materials,Specialty Chemicals,51253,US,USD,Stock
Intuit Inc.,INTU,INTU US,Information Technology,Internet Software & Services,896878,US,USD,Stock
Intuitive Surgical Inc.,ISRG,ISRG US,Health Care,Health Care Equipment,1035267,US,USD,Stock
Invesco Ltd.,IVZ,IVZ US,Financials,Asset Management & Custody Banks,914208,US,USD,Stock
IPG Photonics Corp.,IPGP,IPGP US,Information Technology,Electronic Manufacturing Services,1111928,US,USD,Stock
IQVIA Holdings Inc.,IQV,IQV US,Health Care,Life Sciences Tools & Service,1478242,US,USD,Stock
Iron Mountain Incorporated,IRM,IRM US,Real Estate,Specialized REITs,1020569,US,USD,Stock
Jack Henry & Associates Inc,JKHY,JKHY US,Information Technology,Data Processing & Outsourced Services,1262439,US,USD,Stock
Jacobs Engineering Group,JEC,JEC US,Industrials,Construction & Engineering,52988,US,USD,Stock
J. B. Hunt Transport Services,JBHT,JBHT US,Industrials,Trucking,728535,US,USD,Stock
Jefferies Financial Group,JEF,JEF US,Financials,Multi-Sector Holdings,96223,US,USD,Stock
JM Smucker,SJM,SJM US,Consumer Staples,Packaged Foods & Meats,91419,US,USD,Stock
Johnson & Johnson,JNJ,JNJ US,Health Care,Health Care Equipment,200406,US,USD,Stock
Johnson Controls International,JCI,JCI US,Industrials,Building Products,833444,US,USD,Stock
JPMorgan Chase & Co.,JPM,JPM US,Financials,Diversified Banks,19617,US,USD,Stock
Juniper Networks,JNPR,JNPR US,Information Technology,Communications Equipment,1043604,US,USD,Stock
Kansas City Southern,KSU,KSU US,Industrials,Railroads,54480,US,USD,Stock
Kellogg Co.,K,K US,Consumer Staples,Packaged Foods & Meats,55067,US,USD,Stock
KeyCorp,KEY,KEY US,Financials,Regional Banks,91576,US,USD,Stock
Keysight Technologies,KEYS,KEYS US,Information Technology,Electronic Equipment & Instruments,1601046,US,USD,Stock
Kimberly-Clark,KMB,KMB US,Consumer Staples,Household Products,55785,US,USD,Stock
Kimco Realty,KIM,KIM US,Real Estate,Retail REITs,879101,US,USD,Stock
Kinder Morgan,KMI,KMI US,Energy,Oil & Gas Storage & Transportation,1506307,US,USD,Stock
KLA-Tencor Corp.,KLAC,KLAC US,Information Technology,Semiconductor Equipment,319201,US,USD,Stock
Kohl's Corp.,KSS,KSS US,Consumer Discretionary,General Merchandise Stores,885639,US,USD,Stock
Kraft Heinz Co,KHC,KHC US,Consumer Staples,Packaged Foods & Meats,1637459,US,USD,Stock
Kroger Co.,KR,KR US,Consumer Staples,Food Retail,56873,US,USD,Stock
L Brands Inc.,LB,LB US,Consumer Discretionary,Apparel Retail,701985,US,USD,Stock
L-3 Communications Holdings,LLL,LLL US,Industrials,Aerospace & Defense,1056239,US,USD,Stock
Laboratory Corp. of America Holding,LH,LH US,Health Care,Health Care Services,920148,US,USD,Stock
Lam Research,LRCX,LRCX US,Information Technology,Semiconductor Equipment,707549,US,USD,Stock
Lamb Weston Holdings Inc,LW,LW US,Consumer Staples,Packaged Foods & Meats,1679273,US,USD,Stock
Leggett & Platt,LEG,LEG US,Consumer Discretionary,Home Furnishings,58492,US,USD,Stock
Lennar Corp.,LEN,LEN US,Consumer Discretionary,Homebuilding,920760,US,USD,Stock
Lilly (Eli) & Co.,LLY,LLY US,Health Care,Pharmaceuticals,59478,US,USD,Stock
Lincoln National,LNC,LNC US,Financials,Multi-line Insurance,59558,US,USD,Stock
Linde plc,LIN,LIN US,Materials,Industrial Gases,1707925,US,USD,Stock
LKQ Corporation,LKQ,LKQ US,Consumer Discretionary,Distributors,1065696,US,USD,Stock
Lockheed Martin Corp.,LMT,LMT US,Industrials,Aerospace & Defense,936468,US,USD,Stock
Loews Corp.,L,L US,Financials,Multi-line Insurance,60086,US,USD,Stock
Lowe's Cos.,LOW,LOW US,Consumer Discretionary,Home Improvement Retail,60667,US,USD,Stock
LyondellBasell,LYB,LYB US,Materials,Specialty Chemicals,1489393,US,USD,Stock
M&T Bank Corp.,MTB,MTB US,Financials,Regional Banks,36270,US,USD,Stock
Macerich,MAC,MAC US,Real Estate,Retail REITs,912242,US,USD,Stock
Macy's Inc.,M,M US,Consumer Discretionary,Department Stores,794367,US,USD,Stock
Marathon Oil Corp.,MRO,MRO US,Energy,Oil & Gas Exploration & Production,101778,US,USD,Stock
Marathon Petroleum,MPC,MPC US,Energy,Oil & Gas Refining & Marketing,1510295,US,USD,Stock
Marriott Int'l.,MAR,MAR US,Consumer Discretionary,"Hotels, Resorts & Cruise Lines",1048286,US,USD,Stock
Marsh & McLennan,MMC,MMC US,Financials,Insurance Brokers,62709,US,USD,Stock
Martin Marietta Materials,MLM,MLM US,Materials,Construction Materials,916076,US,USD,Stock
Masco Corp.,MAS,MAS US,Industrials,Building Products,62996,US,USD,Stock
Mastercard Inc.,MA,MA US,Information Technology,Internet Software & Services,1141391,US,USD,Stock
Mattel Inc.,MAT,MAT US,Consumer Discretionary,Leisure Products,63276,US,USD,Stock
McCormick & Co.,MKC,MKC US,Consumer Staples,Packaged Foods & Meats,63754,US,USD,Stock
Maxim Integrated Products Inc,MXIM,MXIM US,Information Technology,Semiconductors,743316,US,USD,Stock
McDonald's Corp.,MCD,MCD US,Consumer Discretionary,Restaurants,63908,US,USD,Stock
McKesson Corp.,MCK,MCK US,Health Care,Health Care Distributors,927653,US,USD,Stock
Medtronic plc,MDT,MDT US,Health Care,Health Care Equipment,64670,US,USD,Stock
Merck & Co.,MRK,MRK US,Health Care,Pharmaceuticals,310158,US,USD,Stock
MetLife Inc.,MET,MET US,Financials,Life & Health Insurance,1099219,US,USD,Stock
Mettler Toledo,MTD,MTD US,Health Care,Life Sciences Tools & Services,1037646,US,USD,Stock
MGM Resorts International,MGM,MGM US,Consumer Discretionary,Casinos & Gaming,789570,US,USD,Stock
Microchip Technology,MCHP,MCHP US,Information Technology,Semiconductors,827054,US,USD,Stock
Micron Technology,MU,MU US,Information Technology,Semiconductors,723125,US,USD,Stock
Microsoft Corp.,MSFT,MSFT US,Information Technology,Systems Software,789019,US,USD,Stock
Mid-America Apartments,MAA,MAA US,Real Estate,Residential REITs,912595,US,USD,Stock
Mohawk Industries,MHK,MHK US,Consumer Discretionary,Home Furnishings,851968,US,USD,Stock
Molson Coors Brewing Company,TAP,TAP US,Consumer Staples,Brewers,24545,US,USD,Stock
Mondelez International,MDLZ,MDLZ US,Consumer Staples,Packaged Foods & Meats,1103982,US,USD,Stock
Monster Beverage,MNST,MNST US,Consumer Staples,Soft Drinks,865752,US,USD,Stock
Moody's Corp,MCO,MCO US,Financials,Financial Exchanges & Data,1059556,US,USD,Stock
Morgan Stanley,MS,MS US,Financials,Investment Banking & Brokerage,895421,US,USD,Stock
The Mosaic Company,MOS,MOS US,Materials,Fertilizers & Agricultural Chemicals,1285785,US,USD,Stock
Motorola Solutions Inc.,MSI,MSI US,Information Technology,Communications Equipment,68505,US,USD,Stock
MSCI Inc,MSCI,MSCI US,Financials,Financial Exchanges & Data,1408198,US,USD,Stock
Mylan N.V.,MYL,MYL US,Health Care,Pharmaceuticals,69499,US,USD,Stock
"Nasdaq, Inc.",NDAQ,NDAQ US,Financials,Financial Exchanges & Data,1120193,US,USD,Stock
National Oilwell Varco Inc.,NOV,NOV US,Energy,Oil & Gas Equipment & Services,1021860,US,USD,Stock
Nektar Therapeutics,NKTR,NKTR US,Health Care,Pharmaceuticals,906709,US,USD,Stock
NetApp,NTAP,NTAP US,Information Technology,Internet Software & Services,1002047,US,USD,Stock
Netflix Inc.,NFLX,NFLX US,Communication Services,Movies & Entertainment,1065280,US,USD,Stock
Newell Brands,NWL,NWL US,Consumer Discretionary,Housewares & Specialties,814453,US,USD,Stock
Newfield Exploration Co,NFX,NFX US,Energy,Oil & Gas Exploration & Production,912750,US,USD,Stock
Newmont Mining Corporation,NEM,NEM US,Materials,Gold,1164727,US,USD,Stock
News Corp. Class A,NWSA,NWSA US,Communication Services,Publishing,1564708,US,USD,Stock
News Corp. Class B,NWS,NWS US,Communication Services,Publishing,1564708,US,USD,Stock
NextEra Energy,NEE,NEE US,Utilities,Multi-Utilities,753308,US,USD,Stock
Nielsen Holdings,NLSN,NLSN US,Industrials,Research & Consulting Services,1492633,US,USD,Stock
Nike,NKE,NKE US,Consumer Discretionary,"Apparel, Accessories & Luxury Goods",320187,US,USD,Stock
NiSource Inc.,NI,NI US,Utilities,Multi-Utilities,1111711,US,USD,Stock
Noble Energy Inc,NBL,NBL US,Energy,Oil & Gas Exploration & Production,72207,US,USD,Stock
Nordstrom,JWN,JWN US,Consumer Discretionary,Department Stores,72333,US,USD,Stock
Norfolk Southern Corp.,NSC,NSC US,Industrials,Railroads,702165,US,USD,Stock
Northern Trust Corp.,NTRS,NTRS US,Financials,Asset Management & Custody Banks,73124,US,USD,Stock
Northrop Grumman Corp.,NOC,NOC US,Industrials,Aerospace & Defense,1133421,US,USD,Stock
Norwegian Cruise Line,NCLH,NCLH US,Consumer Discretionary,"Hotels, Resorts & Cruise Lines",1513761,US,USD,Stock
NRG Energy,NRG,NRG US,Utilities,Independent Power Producers & Energy Traders,1013871,US,USD,Stock
Nucor Corp.,NUE,NUE US,Materials,Steel,73309,US,USD,Stock
Nvidia Corporation,NVDA,NVDA US,Information Technology,Semiconductors,1045810,US,USD,Stock
O'Reilly Automotive,ORLY,ORLY US,Consumer Discretionary,Specialty Stores,898173,US,USD,Stock
Occidental Petroleum,OXY,OXY US,Energy,Oil & Gas Exploration & Production,797468,US,USD,Stock
Omnicom Group,OMC,OMC US,Communication Services,Advertising,29989,US,USD,Stock
ONEOK,OKE,OKE US,Energy,Oil & Gas Storage & Transportation,1039684,US,USD,Stock
Oracle Corp.,ORCL,ORCL US,Information Technology,Application Software,1341439,US,USD,Stock
PACCAR Inc.,PCAR,PCAR US,Industrials,Construction Machinery & Heavy Trucks,75362,US,USD,Stock
Packaging Corporation of America,PKG,PKG US,Materials,Paper Packaging,75677,US,USD,Stock
Parker-Hannifin,PH,PH US,Industrials,Industrial Machinery,76334,US,USD,Stock
Paychex Inc.,PAYX,PAYX US,Information Technology,Internet Software & Services,723531,US,USD,Stock
PayPal,PYPL,PYPL US,Information Technology,Data Processing & Outsourced Services,1633917,US,USD,Stock
Pentair plc,PNR,PNR US,Industrials,Industrial Machinery,77360,US,USD,Stock
People's United Financial,PBCT,PBCT US,Financials,Thrifts & Mortgage Finance,1378946,US,USD,Stock
PepsiCo Inc.,PEP,PEP US,Consumer Staples,Soft Drinks,77476,US,USD,Stock
PerkinElmer,PKI,PKI US,Health Care,Health Care Equipment,31791,US,USD,Stock
Perrigo,PRGO,PRGO US,Health Care,Pharmaceuticals,1585364,US,USD,Stock
Pfizer Inc.,PFE,PFE US,Health Care,Pharmaceuticals,78003,US,USD,Stock
Philip Morris International,PM,PM US,Consumer Staples,Tobacco,1413329,US,USD,Stock
Phillips 66,PSX,PSX US,Energy,Oil & Gas Refining & Marketing,1534701,US,USD,Stock
Pinnacle West Capital,PNW,PNW US,Utilities,Multi-Utilities,764622,US,USD,Stock
Pioneer Natural Resources,PXD,PXD US,Energy,Oil & Gas Exploration & Production,1038357,US,USD,Stock
PNC Financial Services,PNC,PNC US,Financials,Regional Banks,713676,US,USD,Stock
Polo Ralph Lauren Corp.,RL,RL US,Consumer Discretionary,"Apparel, Accessories & Luxury Goods",1037038,US,USD,Stock
PPG Industries,PPG,PPG US,Materials,Specialty Chemicals,79879,US,USD,Stock
PPL Corp.,PPL,PPL US,Utilities,Electric Utilities,922224,US,USD,Stock
Principal Financial Group,PFG,PFG US,Financials,Life & Health Insurance,1126328,US,USD,Stock
Procter & Gamble,PG,PG US,Consumer Staples,Personal Products,80424,US,USD,Stock
Progressive Corp.,PGR,PGR US,Financials,Property & Casualty Insurance,80661,US,USD,Stock
Prologis,PLD,PLD US,Real Estate,Industrial REITs,1045609,US,USD,Stock
Prudential Financial,PRU,PRU US,Financials,Life & Health Insurance,1137774,US,USD,Stock
Public Serv. Enterprise Inc.,PEG,PEG US,Utilities,Electric Utilities,788784,US,USD,Stock
Public Storage,PSA,PSA US,Real Estate,Specialized REITs,1393311,US,USD,Stock
Pulte Homes Inc.,PHM,PHM US,Consumer Discretionary,Homebuilding,822416,US,USD,Stock
PVH Corp.,PVH,PVH US,Consumer Discretionary,"Apparel, Accessories & Luxury Goods",78239,US,USD,Stock
Qorvo,QRVO,QRVO US,Information Technology,Semiconductors,1604778,US,USD,Stock
Quanta Services Inc.,PWR,PWR US,Industrials,Construction & Engineering,1050915,US,USD,Stock
QUALCOMM Inc.,QCOM,QCOM US,Information Technology,Semiconductors,804328,US,USD,Stock
Quest Diagnostics,DGX,DGX US,Health Care,Health Care Services,1022079,US,USD,Stock
Raymond James Financial Inc.,RJF,RJF US,Financials,Investment Banking & Brokerage,720005,US,USD,Stock
Raytheon Co.,RTN,RTN US,Industrials,Aerospace & Defense,1047122,US,USD,Stock
Realty Income Corporation,O,O US,Real Estate,Retail REITs,726728,US,USD,Stock
Red Hat Inc.,RHT,RHT US,Information Technology,Systems Software,1087423,US,USD,Stock
Regency Centers Corporation,REG,REG US,Real Estate,Retail REITs,910606,US,USD,Stock
Regeneron,REGN,REGN US,Health Care,Biotechnology,872589,US,USD,Stock
Regions Financial Corp.,RF,RF US,Financials,Regional Banks,1281761,US,USD,Stock
Republic Services Inc,RSG,RSG US,Industrials,Environmental & Facilities Services,1060391,US,USD,Stock
ResMed,RMD,RMD US,Health Care,Health Care Equipment,943819,US,USD,Stock
Robert Half International,RHI,RHI US,Industrials,Human Resource & Employment Services,315213,US,USD,Stock
Rockwell Automation Inc.,ROK,ROK US,Industrials,Electrical Components & Equipment,1024478,US,USD,Stock
Rollins Inc.,ROL,ROL US,Industrials,Environmental & Facilities Services,84839,US,USD,Stock
Roper Technologies,ROP,ROP US,Industrials,Industrial Conglomerates,882835,US,USD,Stock
Ross Stores,ROST,ROST US,Consumer Discretionary,Apparel Retail,745732,US,USD,Stock
Royal Caribbean Cruises Ltd,RCL,RCL US,Consumer Discretionary,"Hotels, Resorts & Cruise Lines",884887,US,USD,Stock
Salesforce.com,CRM,CRM US,Information Technology,Internet Software & Services,1108524,US,USD,Stock
SBA Communications,SBAC,SBAC US,Real Estate,Specialized REITs,1034054,US,USD,Stock
Schlumberger Ltd.,SLB,SLB US,Energy,Oil & Gas Equipment & Services,87347,US,USD,Stock
Seagate Technology,STX,STX US,Information Technology,"Technology Hardware, Storage & Peripherals",1137789,US,USD,Stock
Sealed Air,SEE,SEE US,Materials,Paper Packaging,1012100,US,USD,Stock
Sempra Energy,SRE,SRE US,Utilities,Multi-Utilities,1032208,US,USD,Stock
Sherwin-Williams,SHW,SHW US,Materials,Specialty Chemicals,89800,US,USD,Stock
Simon Property Group Inc,SPG,SPG US,Real Estate,Retail REITs,1063761,US,USD,Stock
Skyworks Solutions,SWKS,SWKS US,Information Technology,Semiconductors,4127,US,USD,Stock
SL Green Realty,SLG,SLG US,Real Estate,Office REITs,1040971,US,USD,Stock
Snap-on,SNA,SNA US,Industrials,Industrial Machinery,91440,US,USD,Stock
Southern Co.,SO,SO US,Utilities,Electric Utilities,92122,US,USD,Stock
Southwest Airlines,LUV,LUV US,Industrials,Airlines,92380,US,USD,Stock
"S&P Global, Inc.",SPGI,SPGI US,Financials,Financial Exchanges & Data,64040,US,USD,Stock
Stanley Black & Decker,SWK,SWK US,Industrials,Industrial Machinery,93556,US,USD,Stock
Starbucks Corp.,SBUX,SBUX US,Consumer Discretionary,Restaurants,829224,US,USD,Stock
State Street Corp.,STT,STT US,Financials,Asset Management & Custody Banks,93751,US,USD,Stock
Stryker Corp.,SYK,SYK US,Health Care,Health Care Equipment,310764,US,USD,Stock
SunTrust Banks,STI,STI US,Financials,Regional Banks,750556,US,USD,Stock
SVB Financial,SIVB,SIVB US,Financials,Regional Banks,719739,US,USD,Stock
Symantec Corp.,SYMC,SYMC US,Information Technology,Application Software,849399,US,USD,Stock
Synchrony Financial,SYF,SYF US,Financials,Consumer Finance,1601712,US,USD,Stock
Synopsys Inc.,SNPS,SNPS US,Information Technology,Application Software,883241,US,USD,Stock
Sysco Corp.,SYY,SYY US,Consumer Staples,Food Distributors,96021,US,USD,Stock
T. Rowe Price Group,TROW,TROW US,Financials,Asset Management & Custody Banks,1113169,US,USD,Stock
Take-Two Interactive,TTWO,TTWO US,Communication Services,Interactive Home Entertainment,946581,US,USD,Stock
"Tapestry, Inc.",TPR,TPR US,Consumer Discretionary,"Apparel, Accessories & Luxury Goods",1116132,US,USD,Stock
Target Corp.,TGT,TGT US,Consumer Discretionary,General Merchandise Stores,27419,US,USD,Stock
TE Connectivity Ltd.,TEL,TEL US,Information Technology,Electronic Manufacturing Services,1385157,US,USD,Stock
TechnipFMC,FTI,FTI US,Energy,Oil & Gas Equipment & Services,1681459,US,USD,Stock
Teleflex Inc,TFX,TFX US,Health Care,Health Care Equipment,96943,US,USD,Stock
Texas Instruments,TXN,TXN US,Information Technology,Semiconductors,97476,US,USD,Stock
Textron Inc.,TXT,TXT US,Industrials,Aerospace & Defense,217346,US,USD,Stock
Thermo Fisher Scientific,TMO,TMO US,Health Care,Health Care Equipment,97745,US,USD,Stock
Tiffany & Co.,TIF,TIF US,Consumer Discretionary,"Apparel, Accessories & Luxury Goods",98246,US,USD,Stock
"Twitter, Inc.",TWTR,TWTR US,Communication Services,Interactive Media & Services,1418091,US,USD,Stock
TJX Companies Inc.,TJX,TJX US,Consumer Discretionary,Apparel Retail,109198,US,USD,Stock
Torchmark Corp.,TMK,TMK US,Financials,Life & Health Insurance,320335,US,USD,Stock
Total System Services,TSS,TSS US,Information Technology,Internet Software & Services,721683,US,USD,Stock
Tractor Supply Company,TSCO,TSCO US,Consumer Discretionary,Specialty Stores,916365,US,USD,Stock
TransDigm Group,TDG,TDG US,Industrials,Aerospace & Defense,1260221,US,USD,Stock
The Travelers Companies Inc.,TRV,TRV US,Financials,Property & Casualty Insurance,86312,US,USD,Stock
TripAdvisor,TRIP,TRIP US,Communication Services,Interactive Media & Services,1526520,US,USD,Stock
Twenty-First Century Fox Class A,FOXA,FOXA US,Communication Services,Movies & Entertainment,1308161,US,USD,Stock
Twenty-First Century Fox Class B,FOX,FOX US,Communication Services,Movies & Entertainment,1308161,US,USD,Stock
Tyson Foods,TSN,TSN US,Consumer Staples,Packaged Foods & Meats,100493,US,USD,Stock
UDR Inc,UDR,UDR US,Real Estate,Residential REITs,74208,US,USD,Stock
Ulta Beauty,ULTA,ULTA US,Consumer Discretionary,Specialty Stores,1403568,US,USD,Stock
U.S. Bancorp,USB,USB US,Financials,Diversified Banks,36104,US,USD,Stock
Under Armour Class A,UAA,UAA US,Consumer Discretionary,"Apparel, Accessories & Luxury Goods",1336917,US,USD,Stock
Under Armour Class C,UA,UA US,Consumer Discretionary,"Apparel, Accessories & Luxury Goods",1336917,US,USD,Stock
Union Pacific,UNP,UNP US,Industrials,Railroads,100885,US,USD,Stock
United Continental Holdings,UAL,UAL US,Industrials,Airlines,100517,US,USD,Stock
United Health Group Inc.,UNH,UNH US,Health Care,Managed Health Care,731766,US,USD,Stock
United Parcel Service,UPS,UPS US,Industrials,Air Freight & Logistics,1090727,US,USD,Stock
"United Rentals, Inc.",URI,URI US,Industrials,Trading Companies & Distributors,1067701,US,USD,Stock
United Technologies,UTX,UTX US,Industrials,Aerospace & Defense,101829,US,USD,Stock
"Universal Health Services, Inc.",UHS,UHS US,Health Care,Health Care Facilities,352915,US,USD,Stock
Unum Group,UNM,UNM US,Financials,Life & Health Insurance,5513,US,USD,Stock
V.F. Corp.,VFC,VFC US,Consumer Discretionary,"Apparel, Accessories & Luxury Goods",103379,US,USD,Stock
Valero Energy,VLO,VLO US,Energy,Oil & Gas Refining & Marketing,1035002,US,USD,Stock
Varian Medical Systems,VAR,VAR US,Health Care,Health Care Equipment,203527,US,USD,Stock
Ventas Inc,VTR,VTR US,Real Estate,Health Care REITs,740260,US,USD,Stock
Verisign Inc.,VRSN,VRSN US,Information Technology,Internet Services & Infrastructure,1014473,US,USD,Stock
Verisk Analytics,VRSK,VRSK US,Industrials,Research & Consulting Services,1442145,US,USD,Stock
Verizon Communications,VZ,VZ US,Communication Services,Integrated Telecommunication Services,732712,US,USD,Stock
Vertex Pharmaceuticals Inc,VRTX,VRTX US,Health Care,Biotechnology,875320,US,USD,Stock
Viacom Inc.,VIAB,VIAB US,Communication Services,Movies & Entertainment,1339947,US,USD,Stock
Visa Inc.,V,V US,Information Technology,Internet Software & Services,1403161,US,USD,Stock
Vornado Realty Trust,VNO,VNO US,Real Estate,Office REITs,899689,US,USD,Stock
Vulcan Materials,VMC,VMC US,Materials,Construction Materials,1396009,US,USD,Stock
Walmart,WMT,WMT US,Consumer Staples,Hypermarkets & Super Centers,104169,US,USD,Stock
Walgreens Boots Alliance,WBA,WBA US,Consumer Staples,Drug Retail,1618921,US,USD,Stock
The Walt Disney Company,DIS,DIS US,Communication Services,Movies & Entertainment,1001039,US,USD,Stock
Waste Management Inc.,WM,WM US,Industrials,Environmental & Facilities Services,823768,US,USD,Stock
Waters Corporation,WAT,WAT US,Health Care,Health Care Distributors,1000697,US,USD,Stock
Wec Energy Group Inc,WEC,WEC US,Utilities,Electric Utilities,783325,US,USD,Stock
WellCare,WCG,WCG US,Health Care,Managed Health Care,1279363,US,USD,Stock
Wells Fargo,WFC,WFC US,Financials,Diversified Banks,72971,US,USD,Stock
Welltower Inc.,WELL,WELL US,Real Estate,Health Care REITs,766704,US,USD,Stock
Western Digital,WDC,WDC US,Information Technology,"Technology Hardware, Storage & Peripherals",106040,US,USD,Stock
Western Union Co,WU,WU US,Information Technology,Internet Software & Services,1365135,US,USD,Stock
WestRock,WRK,WRK US,Materials,Paper Packaging,1636023,US,USD,Stock
Weyerhaeuser,WY,WY US,Real Estate,Specialized REITs,106535,US,USD,Stock
Whirlpool Corp.,WHR,WHR US,Consumer Discretionary,Household Appliances,106640,US,USD,Stock
Williams Cos.,WMB,WMB US,Energy,Oil & Gas Storage & Transportation,107263,US,USD,Stock
Willis Towers Watson,WLTW,WLTW US,Financials,Insurance Brokers,1140536,US,USD,Stock
Wynn Resorts Ltd,WYNN,WYNN US,Consumer Discretionary,Casinos & Gaming,1174922,US,USD,Stock
Xcel Energy Inc,XEL,XEL US,Utilities,Multi-Utilities,72903,US,USD,Stock
Xerox,XRX,XRX US,Information Technology,"Technology Hardware, Storage & Peripherals",108772,US,USD,Stock
Xilinx,XLNX,XLNX US,Information Technology,Semiconductors,743988,US,USD,Stock
Xylem Inc.,XYL,XYL US,Industrials,Industrial Machinery,1524472,US,USD,Stock
Yum! Brands Inc,YUM,YUM US,Consumer Discretionary,Restaurants,1041061,US,USD,Stock
Zimmer Biomet Holdings,ZBH,ZBH US,Health Care,Health Care Equipment,1136869,US,USD,Stock
Zions Bancorp,ZION,ZION US,Financials,Regional Banks,109380,US,USD,Stock
Zoetis,ZTS,ZTS US,Health Care,Pharmaceuticals,1555280,US,USD,Stock
